		static public $MaleFirstNameArray = array('Aaron', 'Abbott', 'Abel', 'Abie', 'Abner', 'Abraham', 'Abram',
			'Adal', 'Adam', 'Adalbert', 'Addis', 'Addison', 'Adley', 'Adolf', 'Adolph', 'Adolphus', 'Adrian',
			'Aiden', 'Aiken', 'Ajax', 'Alan', 'Alastair', 'Alban', 'Albe', 'Albern', 'Albert', 'Albin',
			'Albion', 'Alden', 'Aldis', 'Aldrich', 'Alec', 'Aleck', 'Alex', 'Alexander', 'Alfie', 'Alfonso',
			'Alfred', 'Alfy', 'Alger', 'Algernon', 'Algie', 'Algy', 'Alick', 'Allan', 'Allie', 'Ally',
			'Alois', 'Alonso', 'Aloys', 'Aloysius', 'Alphonso', 'Alroy', 'Alston', 'Alton', 'Alvin', 'Ambie',
			'Ambrose', 'Amery', 'Amos', 'Andie', 'Andrew', 'Andy', 'Aneurin', 'Angell', 'Angelo', 'Angus',
			'Ansel', 'Anthony', 'Antony', 'Apollo', 'Arch', 'Archer', 'Archie', 'Archibald', 'Archy', 'Ardon',
			'Arlen', 'Armand', 'Arne', 'Arney', 'Arnie', 'Arno', 'Arnold', 'Arny', 'Arrian', 'Artemis',
			'Arth', 'Arthur', 'Artie', 'Arty', 'Arvel', 'Asher', 'Atwater', 'Atwood', 'Aubrey', 'Augie',
			'August', 'Austin', 'Augustus', 'Avery', 'Axel', 'Bailey', 'Baird', 'Baldie', 'Baldwin', 'Baldy',
			'Barclay', 'Barn', 'Barnabas', 'Barnaby', 'Barnard', 'Barnet', 'Barnett', 'Barney', 'Barnie', 'Baron',
			'Barrett', 'Barrie', 'Barry', 'Bart', 'Bartholomew', 'Bartle', 'Bartlett', 'Bartley', 'Bartram', 'Barty',
			'Basie', 'Basil', 'Bass', 'Batte', 'Batty', 'Baxter', 'Bayard', 'Belden', 'Benedict', 'Benjamin',
			'Benjie', 'Benjy', 'Bennie', 'Benny', 'Benton', 'Bernard', 'Berney', 'Bernie', 'Bert', 'Bertie',
			'Berton', 'Bertram', 'Berty', 'Berwin', 'Beverley', 'Beverly', 'Bevis', 'Bill', 'Billie', 'Billy',
			'Birdie', 'Blaine', 'Blair', 'Blake', 'Blandon', 'Bobie', 'Boby', 'Bogdan', 'Bond', 'Booth',
			'Boris', 'Bowen', 'Bowie', 'Boyce', 'Boyd', 'Boyden', 'Brad', 'Braden', 'Bradley', 'Bram',
			'Brand', 'Brandon', 'Brant', 'Brent', 'Bret', 'Brian', 'Brice', 'Brigham', 'Brock', 'Broderick',
			'Brooke', 'Bruce', 'Brucie', 'Bruno', 'Bryant', 'Buck', 'Burgess', 'Burke', 'Burl', 'Burleigh',
			'Burt', 'Burton', 'Byrd', 'Byrdie', 'Byron', 'Cadman', 'Caesar', 'Calder', 'Cale', 'Caleb',
			'Calvert', 'Calvin', 'Caldwell', 'Cameron', 'Carl', 'Carlin', 'Carlisle', 'Carlo', 'Carlton', 'Carmine',
			'Carney', 'Carroll', 'Carter', 'Carver', 'Cary', 'Casimir', 'Casimiro', 'Casey', 'Caspar', 'Casper',
			'Cecil', 'Cedric', 'Ceese', 'Chad', 'Chadwick', 'Chalmers', 'Chandler', 'Channing', 'Chapin', 'Chapman',
			'Charles', 'Charley', 'Charlie', 'Charly', 'Chatwin', 'Chauncey', 'Chester', 'Chick', 'Chilla', 'Chippy',
			'Cholly', 'Chris', 'Christian', 'Christie', 'Christopher', 'Christy', 'Chuck', 'Clare', 'Clarence', 'Clark',
			'Clarry', 'Claud', 'Claude', 'Claudie', 'Clay', 'Clayton', 'Clem', 'Clemens', 'Clement', 'Clif',
			'Clifford', 'Clive', 'Clyde', 'Coleman', 'Colin', 'Colley', 'Collier', 'Collin', 'Colton', 'Connie',
			'Conan', 'Conrad', 'Conroy', 'Conway', 'Corbin', 'Cornelius', 'Corney', 'Corny', 'Corey', 'Corwin',
			'Cosmo', 'Crispinian', 'Crispin', 'Crosby', 'Cuddie', 'Culbert', 'Culver', 'Curt', 'Curtis', 'Cuthbert',
			'Cyril', 'Cyro', 'Cyrus', 'Dale', 'Dallas', 'Dalton', 'Damon', 'Dandy', 'Daniel', 'Danny',
			'Dante', 'Darcy', 'Darian', 'Darell', 'Dave', 'Davey', 'Davie', 'David', 'Davin', 'Davy',
			'Dean', 'Dekker', 'Delbert', 'Delmar', 'Denis', 'Denley', 'Dennis', 'Denny', 'Derek', 'Derrick',
			'Derry', 'Derwin', 'Desmond', 'Devin', 'Dexter', 'Dick', 'Dickie', 'Dickon', 'Dicky', 'Dillon',
			'Dion', 'Dionysios', 'Dionysos', 'Dirk', 'Dixie', 'Dixon', 'Dobbin', 'Doddy', 'Dode', 'Dolly',
			'Dolph', 'Dolphus', 'Dominick', 'Donald', 'Donnie', 'Donny', 'Dorian', 'Doug', 'Douglas', 'Doyle',
			'Drake', 'Drew', 'Driscoll', 'Duggie', 'Dudley', 'Duke', 'Dunc', 'Duncan', 'Durwin', 'Dwayne',
			'Dwight', 'Earl', 'Eaton', 'Eben', 'Ebenezer', 'Ecky', 'Edan', 'Eddie', 'Eddy', 'Edgar',
			'Edmund', 'Edom', 'Edric', 'Edward', 'Edwin', 'Egan', 'Egbert', 'Elbert', 'Eldon', 'Eldwin',
			'Elias', 'Elijah', 'Elisha', 'Ellick', 'Elliott', 'Elmer', 'Elmy', 'Elroy', 'Elton', 'Emanuel',
			'Emerson', 'Emery', 'Emil', 'Emmanuel', 'Emmett', 'Ephraim', 'Erasmus', 'Erastus', 'Eric', 'Erie',
			'Ernest', 'Ernie', 'Errol', 'Erwin', 'Ethan', 'Ethelbert', 'Eugene', 'Eustace', 'Evan', 'Everett',
			'Ezekiel', 'Ezra', 'Fabian', 'Fabron', 'Fairfax', 'Falkner', 'Farley', 'Farman', 'Farrell', 'Federico',
			'Federigo', 'Felix', 'Fenton', 'Ferd', 'Ferdie', 'Ferdinand', 'Fergie', 'Fergus', 'Ferguson', 'Ferris',
			'Fitzgerald', 'Fleming', 'Fletcher', 'Floyd', 'Floydy', 'Forrest', 'Foster', 'Francis', 'Fran', 'Francie',
			'Frank', 'Frankie', 'Franky', 'Frasier', 'Fred', 'Freddie', 'Freddy', 'Frederic', 'Frederick', 'Freeman',
			'Fritz', 'Gabe', 'Gabey', 'Gabriel', 'Gage', 'Gail', 'Gale', 'Galvin', 'Gardner', 'Garret',
			'Garrett', 'Garrick', 'Garry', 'Gary', 'Garth', 'Gavin', 'Gaylord', 'Gene', 'Geoff', 'Geoffrey',
			'Geordie', 'George', 'Georgie', 'Georgy', 'Gerald', 'Gerard', 'Gerrie', 'Gerry', 'Gersham', 'Gibbie',
			'Gideon', 'Gifford', 'Gilbert', 'Giles', 'Gill', 'Gillian', 'Gillie', 'Gilmer', 'Gilroy', 'Giovanni',
			'Glenn', 'Goddard', 'Godfrey', 'Godwin', 'Graham', 'Grant', 'Grayson', 'Greg', 'Gregg', 'Gregory',
			'Gresham', 'Grig', 'Griswold', 'Grosvenor', 'Grover', 'Gunther', 'Gussie', 'Gussy', 'Gust', 'Gustavus',
			'Gustus', 'Hadden', 'Hadley', 'Hadwin', 'Haines', 'Halbert', 'Halden', 'Hale', 'Halen', 'Hall',
			'Halsey', 'Hamlin', 'Hank', 'Hanley', 'Hans', 'Harcourt', 'Hardy', 'Harlan', 'Harley', 'Harris',
			'Harrison', 'Harold', 'Harry', 'Hartley', 'Harve', 'Harvey', 'Hauk', 'Hayden', 'Hayes', 'Heath',
			'Heck', 'Hector', 'Henny', 'Henry', 'Herb', 'Herbert', 'Herbie', 'Herman', 'Herwin', 'Hilary',
			'Hildebrand', 'Hill', 'Hillary', 'Hilliard', 'Hilton', 'Hiram', 'Hobart', 'Hodge', 'Holbrook', 'Holden',
			'Homer', 'Horace', 'Horatio', 'Hosea', 'Howard', 'Howel', 'Howell', 'Howie', 'Huber', 'Hubert',
			'Hugh', 'Hughie', 'Hugo', 'Humph', 'Humphrey', 'Humphry', 'Hunter', 'Hyman', 'Ichabod', 'Ignace',
			'Ignatius', 'Igor', 'Ikey', 'Ingram', 'Irvin', 'Irving', 'Isaac', 'Isaak', 'Isaiah', 'Isidore',
			'Israel', 'Ivan', 'Ivar', 'Iver', 'Ives', 'Izzy', 'Jack', 'Jackey', 'Jacky', 'Jacob',
			'Jaikie', 'Jake', 'Jamal', 'James', 'Jamie', 'Jared', 'Jarvis', 'Jason', 'Jasper', 'Jean',
			'Jeff', 'Jeffery', 'Jeffrey', 'Jemmie', 'Jemmy', 'Jeremiah', 'Jeremy', 'Jerold', 'Jerome', 'Jerry',
			'Jess', 'Jesse', 'Jessie', 'Jill', 'Jillian', 'Jimie', 'Jimmy', 'Jody', 'Joey', 'Joel',
			'John', 'Johnie', 'Johnny', 'Jolly', 'Jonah', 'Jonas', 'Jonathan', 'Joney', 'Jonny', 'Jonty',
			'Jordan', 'Jose', 'Joseph', 'Josh', 'Joshua', 'Jule', 'Julian', 'Juliun', 'Julius', 'Justin',
			'Kane', 'Karsten', 'Kasimir', 'Keaton', 'Keene', 'Keegan', 'Keith', 'Kelsey', 'Kelvin', 'Kendall',
			'Kendrick', 'Kenneth', 'Kennie', 'Kenny', 'Kent', 'Kenway', 'Kenyon', 'Kerry', 'Kerwin', 'Kester',
			'Kevin', 'Kiefer', 'Kiki', 'Kilby', 'Kilian', 'Kimball', 'Kingsley', 'Kirby', 'Kirk', 'Kitto',
			'Kody', 'Konrad', 'Kris', 'Kurt', 'Kyle', 'Laban', 'Lachie', 'Lachlan', 'Lachy', 'Lamar',
			'Lambert', 'Lamont', 'Lamy', 'Lance', 'Lancelot', 'Landon', 'Landry', 'Lane', 'Langley', 'Lani',
			'Lanny', 'Larry', 'Lars', 'Latimer', 'Launce', 'Launcelot', 'Lauren', 'Laurence', 'Laurie', 'Lawrence',
			'Lawrie', 'Lazarus', 'Leander', 'Leighton', 'Leith', 'Leland', 'Lemuel', 'Lennie', 'Lenny', 'Leon',
			'Leonard', 'Leopold', 'Leroy', 'Leslie', 'Lester', 'Levi', 'Lewie', 'Lexy', 'Lige', 'Lincoln',
			'Lionel', 'Lish', 'Llelo', 'Llew', 'Llewellyn', 'Llewelyn', 'Lloyd', 'Logan', 'Lombard', 'Lonnie',
			'Lonny', 'Loot', 'Lorenzo', 'Lori', 'Loring', 'Louie', 'Louis', 'Lewis', 'Lowell', 'Lowrie',
			'Lowry', 'Lucius', 'Lucas', 'Luke', 'Lukie', 'Lush', 'Luther', 'Lyle', 'Lyndon', 'Lysander',
			'Macnair', 'Maddox', 'Madison', 'Magnus', 'Malcolm', 'Malvin', 'Manfred', 'Mannie', 'Manny', 'Manuel',
			'Marcus', 'Mario', 'Marius', 'Marc', 'Mark', 'Markie', 'Marland', 'Marlon', 'Marmaduke', 'Marmy',
			'Marshal', 'Mart', 'Martie', 'Martin', 'Marty', 'Marv', 'Marvin', 'Mason', 'Matt', 'Matthew',
			'Mattie', 'Matty', 'Maurice', 'Maurie', 'Maury', 'Maxey', 'Maxie', 'Maximilian', 'Maximus', 'Maxy',
			'Maxwell', 'Medwin', 'Melville', 'Melvin', 'Melvyn', 'Mercer', 'Meredith', 'Merlin', 'Merrill', 'Merrick',
			'Merv', 'Mervyn', 'Michael', 'Mick', 'Mickey', 'Micky', 'Mike', 'Mikey', 'Milburn', 'Miles',
			'Miller', 'Milt', 'Miltie', 'Milton', 'Mitch', 'Mitchell', 'Mogga', 'Monroe', 'Montague', 'Monte',
			'Montgomery', 'Monty', 'Mordecai', 'Mordy', 'Morgan', 'Morrey', 'Morrie', 'Morris', 'Morry', 'Mort',
			'Mortimer', 'Morton', 'Morty', 'Morven', 'Mose', 'Moses', 'Moss', 'Murdock', 'Murphy', 'Murray',
			'Myer', 'Naldo', 'Nandy', 'Nanty', 'Nardie', 'Nash', 'Nate', 'Nath', 'Nathan', 'Nathaniel',
			'Nathe', 'Neal', 'Neddie', 'Neddy', 'Nelson', 'Nero', 'Neville', 'Nevin', 'Newton', 'Nicco',
			'Nichol', 'Nicholas', 'Nick', 'Nickie', 'Nicky', 'Nicodemus', 'Nicol', 'Nicolas', 'Nigel', 'Noah',
			'Noddy', 'Noel', 'Noeline', 'Nolan', 'Noll', 'Nolly', 'Norm', 'Norman', 'Normie', 'Norris',
			'Norton', 'Norvin', 'Olly', 'Omar', 'Oren', 'Orland', 'Orlando', 'Orson', 'Orton', 'Orvin',
			'Osbert', 'Osborn', 'Oscar', 'Osgood', 'Osmond', 'Ossie', 'Ossy', 'Oswald', 'Oswold', 'Otis',
			'Otto', 'Owen', 'Oxford', 'Ozzie', 'Ozzy', 'Paine', 'Palmer', 'Parker', 'Pascal', 'Patrick',
			'Paul', 'Paxton', 'Pedro', 'Pembroke', 'Perce', 'Percival', 'Percy', 'Perry', 'Pete', 'Peter',
			'Peyton', 'Phil', 'Philander', 'Philbert', 'Philip', 'Phineas', 'Pierce', 'Pierre', 'Poldie', 'Porter',
			'Prentice', 'Prescott', 'Preston', 'Price', 'Prince', 'Proctor', 'Prosper', 'Putnam', 'Ralph', 'Ramon',
			'Ramsey', 'Rand', 'Randal', 'Randall', 'Randie', 'Randolph', 'Randy', 'Raphael', 'Rasmus', 'Rastus',
			'Raymond', 'Raymund', 'Redmond', 'Reed', 'Reeves', 'Reggie', 'Reginald', 'Renfred', 'Renwick', 'Reub',
			'Reuben', 'Rhett', 'Riccardo', 'Rich', 'Richard', 'Richie', 'Rick', 'Rickie', 'Ricky', 'Ridley',
			'Riley', 'Ritchie', 'Robbie', 'Robert', 'Robin', 'Roddy', 'Roderic', 'Roderick', 'Rodge', 'Rodney',
			'Rodolfo', 'Rodolphe', 'Roger', 'Roland', 'Rolf', 'Rolfe', 'Rolly', 'Roly', 'Romeo', 'Ronald',
			'Ronnie', 'Ronny', 'Rory', 'Roscoe', 'Rosie', 'Ross', 'Roswell', 'Rowland', 'Rowly', 'Royce',
			'Rube', 'Ruby', 'Rudolf', 'Rudolph', 'Rudy', 'Ruford', 'Rufus', 'Rupert', 'Russell', 'Rutherford',
			'Ryan', 'Salisbury', 'Sammy', 'Samson', 'Samuel', 'Sanborn', 'Sander', 'Sanders', 'Sandie', 'Sandy',
			'Sanford', 'Santos', 'Sargent', 'Saul', 'Sawney', 'Sawnie', 'Sawny', 'Sawyer', 'Schuyler', 'Scot',
			'Scott', 'Scotty', 'Sean', 'Sebastian', 'Selby', 'Serge', 'Serle', 'Seth', 'Seymour', 'Shamus',
			'Shaw', 'Shawn', 'Shelby', 'Sheldon', 'Sherard', 'Sheridan', 'Sherlock', 'Sherman', 'Sherwin', 'Sherwood',
			'Siddy', 'Sidney', 'Sigmund', 'Silas', 'Silvain', 'Silvan', 'Silvanus', 'Silvester', 'Silvio', 'Simeon',
			'Simie', 'Simmie', 'Simmy', 'Simon', 'Sinclair', 'Sloane', 'Solly', 'Solomon', 'Spencer', 'Spike',
			'Stacey', 'Stacy', 'Stan', 'Standish', 'Stanford', 'Stanislaus', 'Stan', 'Stanley', 'Stanway', 'Stedman',
			'Steenie', 'Stefan', 'Stephen', 'Sterling', 'Steve', 'Stevie', 'Stew', 'Stewart', 'Stewy', 'Stuart',
			'Sumner', 'Sutton', 'Swain', 'Sylvester', 'Tanner', 'Tate', 'Tave', 'Tavy', 'Taylor', 'Teague',
			'Teddie', 'Teddy', 'Terence', 'Terrence', 'Terry', 'Thad', 'Thadeus', 'Thaddeus', 'Thaddy', 'Thady',
			'Thayer', 'Theo', 'Theobald', 'Theobold', 'Theodore', 'Theodoric', 'Theodosius', 'Theophilus', 'Theron', 'Thomas',
			'Thorpe', 'Thurston', 'Tilden', 'Timmie', 'Timmy', 'Timothy', 'Titus', 'Tobias', 'Toby', 'Todd',
			'Tollie', 'Tolly', 'Tommy', 'Tonie', 'Tony', 'Tony', 'Torrence', 'Torrey', 'Townsend', 'Travers',
			'Travis', 'Trent', 'Trev', 'Trevor', 'Trey', 'Tris', 'Tristam', 'Tristan', 'Tristram', 'Troy',
			'Truman', 'Tyler', 'Tyson', 'Vail', 'Valdis', 'Vance', 'Vandyke', 'Varian', 'Varney', 'Vaughan',
			'Vaughn', 'Vaughnie', 'Vern', 'Vernon', 'Vessie', 'Vest', 'Vester', 'Vick', 'Victor', 'Vince',
			'Vincent', 'Vinnie', 'Vinny', 'Virgil', 'Vito', 'Vladimir', 'Wade', 'Waggoner', 'Walden', 'Waldo',
			'Walker', 'Wallace', 'Wally', 'Walt', 'Walter', 'Walton', 'Ward', 'Ware', 'Warner', 'Warren',
			'Washington', 'Watt', 'Watty', 'Waylen', 'Wayland', 'Wayne', 'Webb', 'Webster', 'Wendel', 'Wesley',
			'Weston', 'Whitlaw', 'Wilbur', 'Wilf', 'Will', 'Willard', 'William', 'Willie', 'Willis', 'Willy',
			'Wilmer', 'Wilmot', 'Wilson', 'Winfred', 'Winslow', 'Winston', 'Winthrop', 'Wirt', 'Wolfe', 'Wolfram',
			'Woodley', 'Woodrow', 'Woodward', 'Worthington', 'Wright', 'Wyatt', 'Wylie', 'Wyman', 'Wyndham');